Profile,Wheel,Depth.Upper,Depth.Lower,ConeIndex,Crop,Tillage,ResidueRemoved,Plot,Field,Block,Plot_2,Side,Tx,GWC,BD,VWC,TC.perc,OM.perc
105E,Trafficked,0,5,0.414850318,AlfaCorn,NT,60,105,71,1,5,E,9,,,,,
105E,Untrafficked,0,5,0.4522137,AlfaCorn,NT,60,105,71,1,5,E,9,0.152698048,1.297276357,0.198091568,2.36,3.2
105E,Trafficked,5,15,1.118630875,AlfaCorn,NT,60,105,71,1,5,E,9,,,,,
105E,Untrafficked,5,15,1.193004787,AlfaCorn,NT,60,105,71,1,5,E,9,0.17881549,1.78137886,0.318538133,1.79,2.6
105E,Trafficked,15,30,1.253449355,AlfaCorn,NT,60,105,71,1,5,E,9,,,,,
105E,Untrafficked,15,30,1.612893495,AlfaCorn,NT,60,105,71,1,5,E,9,0.202647658,1.639631845,0.332267553,1.03,3.1
105E,Trafficked,30,60,1.024497191,AlfaCorn,NT,60,105,71,1,5,E,9,,,,,
105E,Untrafficked,30,60,1.386252398,AlfaCorn,NT,60,105,71,1,5,E,9,0.191642651,1.327731827,0.254450048,0.96,2.2
105W,Trafficked,0,5,0.745817341,AlfaCorn,NT,60,105,71,1,5,W,9,,,,,
105W,Untrafficked,0,5,0.691243009,AlfaCorn,NT,60,105,71,1,5,W,9,0.202891566,1.571085693,0.318760037,2.54,3
105W,Trafficked,5,15,1.324597389,AlfaCorn,NT,60,105,71,1,5,W,9,,,,,
105W,Untrafficked,5,15,1.53566083,AlfaCorn,NT,60,105,71,1,5,W,9,0.206677266,1.711201307,0.353666407,1.94,3
105W,Trafficked,15,30,1.347405904,AlfaCorn,NT,60,105,71,1,5,W,9,,,,,
105W,Untrafficked,15,30,1.293563087,AlfaCorn,NT,60,105,71,1,5,W,9,0.215139442,1.739102947,0.374149638,2.59,3.7
105W,Trafficked,30,60,1.113029858,AlfaCorn,NT,60,105,71,1,5,W,9,,,,,
105W,Untrafficked,30,60,1.089406849,AlfaCorn,NT,60,105,71,1,5,W,9,0.187747036,2.089210545,0.392243086,1.05,2.1
110E,Trafficked,0,5,0.187934615,CC,CP,35,110,70,1,10,E,3,,,,,
110E,Untrafficked,0,5,-0.056101325,CC,CP,35,110,70,1,10,E,3,0.212546816,1.06758567,0.226911936,2.28,3.4
110E,Trafficked,5,15,0.557666949,CC,CP,35,110,70,1,10,E,3,,,,,
110E,Untrafficked,5,15,0.583474235,CC,CP,35,110,70,1,10,E,3,0.216087253,1.524897842,0.329510986,2.01,2.9
110E,Trafficked,15,30,1.097571805,CC,CP,35,110,70,1,10,E,3,,,,,
110E,Untrafficked,15,30,1.344133518,CC,CP,35,110,70,1,10,E,3,0.254545455,1.432624248,0.36466799,1.64,2.9
110E,Trafficked,30,60,1.070291908,CC,CP,35,110,70,1,10,E,3,,,,,
110E,Untrafficked,30,60,1.548193881,CC,CP,35,110,70,1,10,E,3,0.250837721,1.604364047,0.402435022,0.76,2.1
110W,Trafficked,0,5,0.3428326,CC,CP,35,110,70,1,10,W,3,,,,,
110W,Untrafficked,0,5,0.074766647,CC,CP,35,110,70,1,10,W,3,0.205928237,1.090260903,0.224515506,1.39,3.4
110W,Trafficked,5,15,0.577360632,CC,CP,35,110,70,1,10,W,3,,,,,
110W,Untrafficked,5,15,0.579172925,CC,CP,35,110,70,1,10,W,3,0.208997188,1.493189834,0.312072477,1.99,3.1
110W,Trafficked,15,30,1.130244932,CC,CP,35,110,70,1,10,W,3,,,,,
110W,Untrafficked,15,30,1.20719526,CC,CP,35,110,70,1,10,W,3,0.211693548,1.63681987,0.346504206,2.42,3.9
110W,Trafficked,30,60,1.04592928,CC,CP,35,110,70,1,10,W,3,,,,,
110W,Untrafficked,30,60,1.180986021,CC,CP,35,110,70,1,10,W,3,0.184979839,1.829425744,0.338406879,1.26,2.8
115E,Trafficked,0,5,0.096244664,CC,CP,0,115,70,1,15,E,1,,,,,
115E,Untrafficked,0,5,0.296878617,CC,CP,0,115,70,1,15,E,1,0.20891905,1.173932865,0.245256939,2.32,3.4
115E,Trafficked,5,15,0.201921661,CC,CP,0,115,70,1,15,E,1,,,,,
115E,Untrafficked,5,15,1.010071219,CC,CP,0,115,70,1,15,E,1,0.217142857,1.474380155,0.320151119,1.99,3.1
115E,Trafficked,15,30,1.774660253,CC,CP,0,115,70,1,15,E,1,,,,,
115E,Untrafficked,15,30,1.507260719,CC,CP,0,115,70,1,15,E,1,0.285169029,1.327306503,0.378506707,1.9,3
115E,Trafficked,30,60,1.724706835,CC,CP,0,115,70,1,15,E,1,,,,,
115E,Untrafficked,30,60,1.418503738,CC,CP,0,115,70,1,15,E,1,0.26893424,1.363200534,0.3666113,1.11,2.2
115W,Trafficked,0,5,0.115531962,CC,CP,0,115,70,1,15,W,1,,,,,
115W,Untrafficked,0,5,0.123394325,CC,CP,0,115,70,1,15,W,1,0.181864235,1.441540437,0.262164649,1.82,2.4
115W,Trafficked,5,15,0.42928852,CC,CP,0,115,70,1,15,W,1,,,,,
115W,Untrafficked,5,15,0.698398391,CC,CP,0,115,70,1,15,W,1,0.188206785,1.635195241,0.307754839,1.64,2.5
115W,Trafficked,15,30,1.470518154,CC,CP,0,115,70,1,15,W,1,,,,,
115W,Untrafficked,15,30,1.327627341,CC,CP,0,115,70,1,15,W,1,0.214723926,1.5882523,0.34103577,1.6,2.8
115W,Trafficked,30,60,1.479607403,CC,CP,0,115,70,1,15,W,1,,,,,
115W,Untrafficked,30,60,1.480927294,CC,CP,0,115,70,1,15,W,1,0.18605547,1.998456814,0.371823822,1.22,2.1
116E,Trafficked,0,5,0.260380729,CC,NT,35,116,71,1,16,E,4,,,,,
116E,Untrafficked,0,5,0.196462435,CC,NT,35,116,71,1,16,E,4,0.184029614,1.367294902,0.251622753,2.31,2.9
116E,Trafficked,5,15,0.720775976,CC,NT,35,116,71,1,16,E,4,,,,,
116E,Untrafficked,5,15,0.832300725,CC,NT,35,116,71,1,16,E,4,0.189362678,1.615115063,0.305842513,1.83,2.5
116E,Trafficked,15,30,1.137557894,CC,NT,35,116,71,1,16,E,4,,,,,
116E,Untrafficked,15,30,1.009185771,CC,NT,35,116,71,1,16,E,4,0.234989648,1.538258656,0.36147486,1.91,3.1
116E,Trafficked,30,60,1.604570014,CC,NT,35,116,71,1,16,E,4,,,,,
116E,Untrafficked,30,60,1.247977605,CC,NT,35,116,71,1,16,E,4,0.217098446,1.73044257,0.375676392,0.85,1.8
116W,Trafficked,0,5,1.533195796,CC,NT,35,116,71,1,16,W,4,,,,,
116W,Untrafficked,0,5,0.333800801,CC,NT,35,116,71,1,16,W,4,0.212550607,1.170316017,0.24875138,1.96,2.6
116W,Trafficked,5,15,0.776264687,CC,NT,35,116,71,1,16,W,4,,,,,
116W,Untrafficked,5,15,1.027100944,CC,NT,35,116,71,1,16,W,4,0.19591002,1.49173752,0.292246328,1.77,2.4
116W,Trafficked,15,30,1.281657484,CC,NT,35,116,71,1,16,W,4,,,,,
116W,Untrafficked,15,30,1.215448084,CC,NT,35,116,71,1,16,W,4,0.216136919,1.559342609,0.337031508,2.07,3.3
116W,Trafficked,30,60,1.378774677,CC,NT,35,116,71,1,16,W,4,,,,,
116W,Untrafficked,30,60,1.236738124,CC,NT,35,116,71,1,16,W,4,0.224489796,1.618948257,0.363437364,1.25,2.5
119E,Trafficked,0,5,0.39547033,CC,CP,60,119,70,1,19,E,5,,,,,
119E,Untrafficked,0,5,0.157314111,CC,CP,60,119,70,1,19,E,5,0.203899721,1.09962194,0.224212607,2.11,3.3
119E,Trafficked,5,15,0.984413461,CC,CP,60,119,70,1,19,E,5,,,,,
119E,Untrafficked,5,15,0.248774852,CC,CP,60,119,70,1,19,E,5,0.225128445,1.482904262,0.33384393,2.23,3.3
119E,Trafficked,15,30,1.357975689,CC,CP,60,119,70,1,19,E,5,,,,,
119E,Untrafficked,15,30,1.036072178,CC,CP,60,119,70,1,19,E,5,0.283636364,1.345356764,0.3815921,2.13,3
119E,Trafficked,30,60,1.72215457,CC,CP,60,119,70,1,19,E,5,,,,,
119E,Untrafficked,30,60,1.473823579,CC,CP,60,119,70,1,19,E,5,0.273613963,1.377136021,0.376803644,1.43,2.2
119W,Trafficked,0,5,0.711376414,CC,CP,60,119,70,1,19,W,5,,,,,
119W,Untrafficked,0,5,0.084412955,CC,CP,60,119,70,1,19,W,5,0.141750228,1.212761708,0.171909248,1.55,1.9
119W,Trafficked,5,15,1.068280988,CC,CP,60,119,70,1,19,W,5,,,,,
119W,Untrafficked,5,15,0.238590176,CC,CP,60,119,70,1,19,W,5,0.17313563,1.583876065,0.274225381,1.45,2
119W,Trafficked,15,30,1.373008135,CC,CP,60,119,70,1,19,W,5,,,,,
119W,Untrafficked,15,30,1.131420615,CC,CP,60,119,70,1,19,W,5,0.215984776,1.403864685,0.3032134,2.16,2.9
119W,Trafficked,30,60,1.458650784,CC,CP,60,119,70,1,19,W,5,,,,,
119W,Untrafficked,30,60,1.43385415,CC,CP,60,119,70,1,19,W,5,0.190536544,1.49238142,0.284353198,1.16,2.1
120E,Trafficked,0,5,0.322858774,CC,NT,60,120,71,1,20,E,6,,,,,
120E,Untrafficked,0,5,0,CC,NT,60,120,71,1,20,E,6,0.177768526,1.248009586,0.221856825,2.34,3
120E,Trafficked,5,15,0.762665876,CC,NT,60,120,71,1,20,E,6,,,,,
120E,Untrafficked,5,15,0,CC,NT,60,120,71,1,20,E,6,0.197983871,1.456015507,0.288267586,1.84,2.9
120E,Trafficked,15,30,1.222515007,CC,NT,60,120,71,1,20,E,6,,,,,
120E,Untrafficked,15,30,0,CC,NT,60,120,71,1,20,E,6,0.243322356,1.353350583,0.329300453,2.22,2.9
120E,Trafficked,30,60,1.268110281,CC,NT,60,120,71,1,20,E,6,,,,,
120E,Untrafficked,30,60,0,CC,NT,60,120,71,1,20,E,6,0.230162027,1.626514128,0.374361789,1.21,2.1
120W,Trafficked,0,5,0.401357693,CC,NT,60,120,71,1,20,W,6,,,,,
120W,Untrafficked,0,5,0.362667763,CC,NT,60,120,71,1,20,W,6,0.17007874,1.311203918,0.223007911,2.26,2.4
120W,Trafficked,5,15,1.082900393,CC,NT,60,120,71,1,20,W,6,,,,,
120W,Untrafficked,5,15,1.179214857,CC,NT,60,120,71,1,20,W,6,0.175913396,1.581678684,0.27823847,1.73,2.1
120W,Trafficked,15,30,1.798251026,CC,NT,60,120,71,1,20,W,6,,,,,
120W,Untrafficked,15,30,1.322588249,CC,NT,60,120,71,1,20,W,6,0.198601399,1.49559909,0.297028071,2.08,3
120W,Trafficked,30,60,1.554423346,CC,NT,60,120,71,1,20,W,6,,,,,
120W,Untrafficked,30,60,1.645668341,CC,NT,60,120,71,1,20,W,6,0.163207163,1.531817699,0.250003621,1.4,2.2
201E,Trafficked,0,5,0.574644996,CC,NT,60,201,71,2,1,E,6,,,,,
201E,Untrafficked,0,5,0.282002363,CC,NT,60,201,71,2,1,E,6,0.234699308,1.243008926,0.291733335,2.81,4.5
201E,Trafficked,5,15,1.211065294,CC,NT,60,201,71,2,1,E,6,,,,,
201E,Untrafficked,5,15,1.239814477,CC,NT,60,201,71,2,1,E,6,0.23163017,1.497172976,0.346790431,2.81,4.3
201E,Trafficked,15,30,1.419947119,CC,NT,60,201,71,2,1,E,6,,,,,
201E,Untrafficked,15,30,1.09143257,CC,NT,60,201,71,2,1,E,6,0.233160622,1.59189228,0.371166594,1.79,1.7
201E,Trafficked,30,60,1.135761134,CC,NT,60,201,71,2,1,E,6,,,,,
201E,Untrafficked,30,60,1.262093721,CC,NT,60,201,71,2,1,E,6,0.215930018,1.755891413,0.379149665,0.75,2.6
201W,Trafficked,0,5,0.634004023,CC,NT,60,201,71,2,1,W,6,,,,,
201W,Untrafficked,0,5,0.437876811,CC,NT,60,201,71,2,1,W,6,0.208699473,1.389652678,0.290019781,2.44,3.7
201W,Trafficked,5,15,1.336090296,CC,NT,60,201,71,2,1,W,6,,,,,
201W,Untrafficked,5,15,1.21634655,CC,NT,60,201,71,2,1,W,6,0.229228803,1.500562497,0.343972145,2.41,3.9
201W,Trafficked,15,30,1.709580666,CC,NT,60,201,71,2,1,W,6,,,,,
201W,Untrafficked,15,30,1.571519309,CC,NT,60,201,71,2,1,W,6,0.260888314,1.443495963,0.376591228,2.72,3.7
201W,Trafficked,30,60,1.406149192,CC,NT,60,201,71,2,1,W,6,,,,,
201W,Untrafficked,30,60,1.527399674,CC,NT,60,201,71,2,1,W,6,0.240798226,1.704043903,0.410330749,1.2,2.1
206E,Trafficked,0,5,0.35369246,CC,NT,35,206,71,2,6,E,4,,,,,
206E,Untrafficked,0,5,0.591220146,CC,NT,35,206,71,2,6,E,4,0.219762846,1.474524921,0.324045793,2.08,2.8
206E,Trafficked,5,15,0.995525313,CC,NT,35,206,71,2,6,E,4,,,,,
206E,Untrafficked,5,15,0.993037469,CC,NT,35,206,71,2,6,E,4,0.223268072,1.482207555,0.330929623,1.67,2.6
206E,Trafficked,15,30,1.409142556,CC,NT,35,206,71,2,6,E,4,,,,,
206E,Untrafficked,15,30,1.11925251,CC,NT,35,206,71,2,6,E,4,0.267562879,1.366751598,0.365691993,1.65,2.5
206E,Trafficked,30,60,1.213010986,CC,NT,35,206,71,2,6,E,4,,,,,
206E,Untrafficked,30,60,1.502674556,CC,NT,35,206,71,2,6,E,4,0.261806511,1.431699053,0.374828133,0.73,1.5
206W,Trafficked,0,5,0.420706092,CC,NT,35,206,71,2,6,W,4,,,,,
206W,Untrafficked,0,5,0.419593513,CC,NT,35,206,71,2,6,W,4,0.200902935,1.566824084,0.314779556,2.2,2.9
206W,Trafficked,5,15,1.046662597,CC,NT,35,206,71,2,6,W,4,,,,,
206W,Untrafficked,5,15,0.714687471,CC,NT,35,206,71,2,6,W,4,0.195410057,1.574791582,0.307730113,2.04,3.3
206W,Trafficked,15,30,1.698282593,CC,NT,35,206,71,2,6,W,4,,,,,
206W,Untrafficked,15,30,1.077986161,CC,NT,35,206,71,2,6,W,4,0.223042836,1.499016653,0.334344926,1.77,2.4
206W,Trafficked,30,60,1.717440999,CC,NT,35,206,71,2,6,W,4,,,,,
206W,Untrafficked,30,60,1.157292581,CC,NT,35,206,71,2,6,W,4,0.214445272,1.554302397,0.3333128,0.88,1.6
207E,Trafficked,0,5,0.522257982,CC,CP,60,207,70,2,7,E,5,,,,,
207E,Untrafficked,0,5,0.279536816,CC,CP,60,207,70,2,7,E,5,0.144912281,1.661338155,0.240748301,1.66,2
207E,Trafficked,5,15,1.155092281,CC,CP,60,207,70,2,7,E,5,,,,,
207E,Untrafficked,5,15,0.558980605,CC,CP,60,207,70,2,7,E,5,0.172786885,1.673064087,0.289083532,1.54,2.2
207E,Trafficked,15,30,1.672839178,CC,CP,60,207,70,2,7,E,5,,,,,
207E,Untrafficked,15,30,1.350177009,CC,CP,60,207,70,2,7,E,5,0.189993002,1.711917353,0.325252317,0.99,1.7
207E,Trafficked,30,60,1.530579561,CC,CP,60,207,70,2,7,E,5,,,,,
207E,Untrafficked,30,60,1.19376781,CC,CP,60,207,70,2,7,E,5,0.186824324,1.776675002,0.331926107,1.01,1.1
207W,Trafficked,0,5,0.258686046,CC,CP,60,207,70,2,7,W,5,,,,,
207W,Untrafficked,0,5,0.118042214,CC,CP,60,207,70,2,7,W,5,0.19827957,1.372725396,0.272183401,2.01,3.2
207W,Trafficked,5,15,0.709669419,CC,CP,60,207,70,2,7,W,5,,,,,
207W,Untrafficked,5,15,0.24043341,CC,CP,60,207,70,2,7,W,5,0.232079208,1.521762913,0.353169532,1.99,3.2
207W,Trafficked,15,30,1.293832293,CC,CP,60,207,70,2,7,W,5,,,,,
207W,Untrafficked,15,30,1.336441185,CC,CP,60,207,70,2,7,W,5,0.252313687,1.373435161,0.34653649,1.78,2.7
207W,Trafficked,30,60,1.778209347,CC,CP,60,207,70,2,7,W,5,,,,,
207W,Untrafficked,30,60,1.285474798,CC,CP,60,207,70,2,7,W,5,0.231276496,1.637943766,0.378817894,0.88,1.5
208E,Trafficked,0,5,0.08354275,CC,CP,0,208,70,2,8,E,1,,,,,
208E,Untrafficked,0,5,0.144233818,CC,CP,0,208,70,2,8,E,1,0.163183637,1.259624092,0.205550041,1.99,2.8
208E,Trafficked,5,15,0.36986637,CC,CP,0,208,70,2,8,E,1,,,,,
208E,Untrafficked,5,15,1.23961014,CC,CP,0,208,70,2,8,E,1,0.184257603,1.498198084,0.276054388,1.71,2.4
208E,Trafficked,15,30,0.658569225,CC,CP,0,208,70,2,8,E,1,,,,,
208E,Untrafficked,15,30,1.473861419,CC,CP,0,208,70,2,8,E,1,0.21444594,1.558378046,0.334187845,2.03,3.3
208E,Trafficked,30,60,1.728365349,CC,CP,0,208,70,2,8,E,1,,,,,
208E,Untrafficked,30,60,1.1188003,CC,CP,0,208,70,2,8,E,1,0.187377691,1.825616762,0.342079853,1.14,2.2
208W,Trafficked,0,5,0.014065875,CC,CP,0,208,70,2,8,W,1,,,,,
208W,Untrafficked,0,5,0.113479242,CC,CP,0,208,70,2,8,W,1,0.185554172,1.294983163,0.240289528,2.31,3.5
208W,Trafficked,5,15,0.265191665,CC,CP,0,208,70,2,8,W,1,,,,,
208W,Untrafficked,5,15,0.568566384,CC,CP,0,208,70,2,8,W,1,0.217864924,1.417053042,0.308726153,2.1,3.4
208W,Trafficked,15,30,1.093512327,CC,CP,0,208,70,2,8,W,1,,,,,
208W,Untrafficked,15,30,1.206600542,CC,CP,0,208,70,2,8,W,1,0.253909465,1.433849832,0.364068044,1.67,2.8
208W,Trafficked,30,60,1.472757483,CC,CP,0,208,70,2,8,W,1,,,,,
208W,Untrafficked,30,60,1.344333639,CC,CP,0,208,70,2,8,W,1,0.231661832,1.485015184,0.344021338,1.02,1.9
213E,Trafficked,0,5,0.160243708,CC,CP,35,213,70,2,13,E,3,,,,,
213E,Untrafficked,0,5,0.144203356,CC,CP,35,213,70,2,13,E,3,0.127310062,1.303001901,0.165885252,1.63,2
213E,Trafficked,5,15,1.31575614,CC,CP,35,213,70,2,13,E,3,,,,,
213E,Untrafficked,5,15,0.758599147,CC,CP,35,213,70,2,13,E,3,0.173108553,1.584608253,0.274309241,1.49,2
213E,Trafficked,15,30,1.926787769,CC,CP,35,213,70,2,13,E,3,,,,,
213E,Untrafficked,15,30,1.205135985,CC,CP,35,213,70,2,13,E,3,0.186433064,1.544652784,0.287974351,1.49,2.5
213E,Trafficked,30,60,1.541476579,CC,CP,35,213,70,2,13,E,3,,,,,
213E,Untrafficked,30,60,1.572931737,CC,CP,35,213,70,2,13,E,3,0.151785714,1.696815591,0.257552367,0.82,1.7
213W,Trafficked,0,5,0.184769946,CC,CP,35,213,70,2,13,W,3,,,,,
213W,Untrafficked,0,5,0.146288984,CC,CP,35,213,70,2,13,W,3,0.249625562,1.123578254,0.280473853,3.19,5
213W,Trafficked,5,15,0.994274412,CC,CP,35,213,70,2,13,W,3,,,,,
213W,Untrafficked,5,15,0.999504492,CC,CP,35,213,70,2,13,W,3,0.268997669,1.454838874,0.391348266,3.01,4.9
213W,Trafficked,15,30,1.653627904,CC,CP,35,213,70,2,13,W,3,,,,,
213W,Untrafficked,15,30,1.1021793,CC,CP,35,213,70,2,13,W,3,0.278274388,1.547456621,0.430617544,2.41,3.7
213W,Trafficked,30,60,1.000656847,CC,CP,35,213,70,2,13,W,3,,,,,
213W,Untrafficked,30,60,1.110307457,CC,CP,35,213,70,2,13,W,3,0.253064167,1.598045546,0.404408065,1.07,1.9
217E,Trafficked,0,5,0.212710154,AlfaCorn,NT,60,217,71,2,17,E,9,,,,,
217E,Untrafficked,0,5,0.635146184,AlfaCorn,NT,60,217,71,2,17,E,9,0.208114558,1.31419971,0.273504092,2.79,4.2
217E,Trafficked,5,15,1.416080512,AlfaCorn,NT,60,217,71,2,17,E,9,,,,,
217E,Untrafficked,5,15,1.415487185,AlfaCorn,NT,60,217,71,2,17,E,9,0.227004984,1.51972605,0.344985388,2.37,3.5
217E,Trafficked,15,30,2.05252908,AlfaCorn,NT,60,217,71,2,17,E,9,,,,,
217E,Untrafficked,15,30,1.587137833,AlfaCorn,NT,60,217,71,2,17,E,9,0.266635644,1.34826312,0.359495006,2.52,3.8
217E,Trafficked,30,60,1.348428586,AlfaCorn,NT,60,217,71,2,17,E,9,,,,,
217E,Untrafficked,30,60,1.669913993,AlfaCorn,NT,60,217,71,2,17,E,9,0.254971277,1.210960121,0.308760048,1.34,2.2
217W,Trafficked,0,5,0.508183192,AlfaCorn,NT,60,217,71,2,17,W,9,,,,,
217W,Untrafficked,0,5,0.533578818,AlfaCorn,NT,60,217,71,2,17,W,9,0.261031366,1.198998336,0.312976174,3.27,5.1
217W,Trafficked,5,15,1.616793739,AlfaCorn,NT,60,217,71,2,17,W,9,,,,,
217W,Untrafficked,5,15,1.30857579,AlfaCorn,NT,60,217,71,2,17,W,9,0.254911591,1.374488173,0.350372968,2.79,4
217W,Trafficked,15,30,2.16989871,AlfaCorn,NT,60,217,71,2,17,W,9,,,,,
217W,Untrafficked,15,30,1.908342264,AlfaCorn,NT,60,217,71,2,17,W,9,0.273019272,1.340967983,0.366110102,3.29,4.8
217W,Trafficked,30,60,1.539324472,AlfaCorn,NT,60,217,71,2,17,W,9,,,,,
217W,Untrafficked,30,60,1.688097825,AlfaCorn,NT,60,217,71,2,17,W,9,0.296875,1.638682905,0.486483987,2.09,3
304E,Trafficked,0,5,0.412715181,CC,NT,35,304,71,3,4,E,4,,,,,
304E,Untrafficked,0,5,0.077369959,CC,NT,35,304,71,3,4,E,4,0.175681523,1.369888977,0.240664182,1.82,3
304E,Trafficked,5,15,0.882559258,CC,NT,35,304,71,3,4,E,4,,,,,
304E,Untrafficked,5,15,0.985289618,CC,NT,35,304,71,3,4,E,4,0.19088017,1.563153789,0.29837506,1.78,2.5
304E,Trafficked,15,30,1.550498004,CC,NT,35,304,71,3,4,E,4,,,,,
304E,Untrafficked,15,30,1.933054907,CC,NT,35,304,71,3,4,E,4,0.213642214,1.501124527,0.320703567,2.05,2.9
304E,Trafficked,30,60,1.402617299,CC,NT,35,304,71,3,4,E,4,,,,,
304E,Untrafficked,30,60,2.04716586,CC,NT,35,304,71,3,4,E,4,0.207851032,1.715314947,0.356529981,1.14,1.9
304W,Trafficked,0,5,0.272768742,CC,NT,35,304,71,3,4,W,4,,,,,
304W,Untrafficked,0,5,0.262300009,CC,NT,35,304,71,3,4,W,4,0.210715894,1.340460054,0.282456238,1.98,2.9
304W,Trafficked,5,15,1.058433906,CC,NT,35,304,71,3,4,W,4,,,,,
304W,Untrafficked,5,15,1.173883218,CC,NT,35,304,71,3,4,W,4,0.203466466,1.601747309,0.325901864,1.94,2.6
304W,Trafficked,15,30,1.738204539,CC,NT,35,304,71,3,4,W,4,,,,,
304W,Untrafficked,15,30,1.63556785,CC,NT,35,304,71,3,4,W,4,0.228809838,1.456784408,0.333326604,1.81,2.7
304W,Trafficked,30,60,1.171546938,CC,NT,35,304,71,3,4,W,4,,,,,
304W,Untrafficked,30,60,1.980435751,CC,NT,35,304,71,3,4,W,4,0.23411817,1.618274931,0.378867565,1.14,2
305E,Trafficked,0,5,0.122566982,CC,CP,35,305,71,3,5,E,3,,,,,
305E,Untrafficked,0,5,0.052456738,CC,CP,35,305,71,3,5,E,3,0.156560636,1.344627702,0.210515769,1.7,2.3
305E,Trafficked,5,15,0.658337807,CC,CP,35,305,71,3,5,E,3,,,,,
305E,Untrafficked,5,15,0.293156769,CC,CP,35,305,71,3,5,E,3,0.1872,1.593707093,0.298341968,1.49,2.3
305E,Trafficked,15,30,1.389028336,CC,CP,35,305,71,3,5,E,3,,,,,
305E,Untrafficked,15,30,1.154482064,CC,CP,35,305,71,3,5,E,3,0.199744463,1.589524776,0.317498773,2.04,3.2
305E,Trafficked,30,60,1.087141867,CC,CP,35,305,71,3,5,E,3,,,,,
305E,Untrafficked,30,60,1.224052132,CC,CP,35,305,71,3,5,E,3,0.184486373,1.658467839,0.305964717,1.17,2
305W,Trafficked,0,5,0.231021239,CC,CP,35,305,71,3,5,W,3,,,,,
305W,Untrafficked,0,5,0.218021999,CC,CP,35,305,71,3,5,W,3,0.196893204,1.246340529,0.24539598,2.1,3.3
305W,Trafficked,5,15,0.93269156,CC,CP,35,305,71,3,5,W,3,,,,,
305W,Untrafficked,5,15,0.77458606,CC,CP,35,305,71,3,5,W,3,0.22135202,1.631626431,0.361163806,1.99,3.2
305W,Trafficked,15,30,1.387944944,CC,CP,35,305,71,3,5,W,3,,,,,
305W,Untrafficked,15,30,1.151771748,CC,CP,35,305,71,3,5,W,3,0.235272185,1.556459297,0.366191579,2.42,3.6
305W,Trafficked,30,60,0.97658344,CC,CP,35,305,71,3,5,W,3,,,,,
305W,Untrafficked,30,60,1.548861338,CC,CP,35,305,71,3,5,W,3,0.201686341,1.724029684,0.347713238,1.15,2.2
307E,Trafficked,0,5,0.033015485,CC,CP,60,307,71,3,7,E,5,,,,,
307E,Untrafficked,0,5,0.283655523,CC,CP,60,307,71,3,7,E,5,0.191499522,1.302801447,0.249485855,2.24,2.9
307E,Trafficked,5,15,0.793220065,CC,CP,60,307,71,3,7,E,5,,,,,
307E,Untrafficked,5,15,0.930315262,CC,CP,60,307,71,3,7,E,5,0.214460186,1.61143769,0.345589226,2,3
307E,Trafficked,15,30,1.45066437,CC,CP,60,307,71,3,7,E,5,,,,,
307E,Untrafficked,15,30,1.545798297,CC,CP,60,307,71,3,7,E,5,0.215789474,1.538522107,0.331996876,2.49,3.6
307E,Trafficked,30,60,1.58381321,CC,CP,60,307,71,3,7,E,5,,,,,
307E,Untrafficked,30,60,1.477115743,CC,CP,60,307,71,3,7,E,5,0.20970187,1.774297125,0.372073424,1.46,2.2
307W,Trafficked,0,5,0.199176392,CC,CP,60,307,71,3,7,W,5,,,,,
307W,Untrafficked,0,5,0.289957143,CC,CP,60,307,71,3,7,W,5,0.202489627,1.131517728,0.229120602,2.52,3.9
307W,Trafficked,5,15,1.038607918,CC,CP,60,307,71,3,7,W,5,,,,,
307W,Untrafficked,5,15,0.804548008,CC,CP,60,307,71,3,7,W,5,0.236035422,1.56528588,0.369462914,2.37,3.4
307W,Trafficked,15,30,1.434718804,CC,CP,60,307,71,3,7,W,5,,,,,
307W,Untrafficked,15,30,1.298138586,CC,CP,60,307,71,3,7,W,5,0.248215036,1.501987385,0.372815852,1.93,2.9
307W,Trafficked,30,60,1.567864233,CC,CP,60,307,71,3,7,W,5,,,,,
307W,Untrafficked,30,60,1.235493985,CC,CP,60,307,71,3,7,W,5,0.255461593,1.714062854,0.437877227,0.87,1.8
309E,Trafficked,0,5,0.55405688,AlfaCorn,NT,60,309,71,3,9,E,9,,,,,
309E,Untrafficked,0,5,0.722854116,AlfaCorn,NT,60,309,71,3,9,E,9,0.197135636,1.296531525,0.255592567,2.55,3.9
309E,Trafficked,5,15,1.55171441,AlfaCorn,NT,60,309,71,3,9,E,9,,,,,
309E,Untrafficked,5,15,1.660313583,AlfaCorn,NT,60,309,71,3,9,E,9,0.214415067,1.551658782,0.332699022,2.15,3
309E,Trafficked,15,30,1.371986118,AlfaCorn,NT,60,309,71,3,9,E,9,,,,,
309E,Untrafficked,15,30,1.438328872,AlfaCorn,NT,60,309,71,3,9,E,9,0.229296527,1.55281758,0.356055678,1.94,3
309E,Trafficked,30,60,1.056934469,AlfaCorn,NT,60,309,71,3,9,E,9,,,,,
309E,Untrafficked,30,60,1.115503133,AlfaCorn,NT,60,309,71,3,9,E,9,0.193163752,1.782487094,0.344311895,0.6,1.5
309W,Trafficked,0,5,0.656416503,AlfaCorn,NT,60,309,71,3,9,W,9,,,,,
309W,Untrafficked,0,5,0.942298951,AlfaCorn,NT,60,309,71,3,9,W,9,0.212966762,1.330706676,0.283396293,2.37,3.7
309W,Trafficked,5,15,1.602629969,AlfaCorn,NT,60,309,71,3,9,W,9,,,,,
309W,Untrafficked,5,15,1.737467294,AlfaCorn,NT,60,309,71,3,9,W,9,0.216803954,1.538904848,0.333640656,2.31,3.1
309W,Trafficked,15,30,1.808948019,AlfaCorn,NT,60,309,71,3,9,W,9,,,,,
309W,Untrafficked,15,30,1.817545306,AlfaCorn,NT,60,309,71,3,9,W,9,0.239175258,1.520385896,0.363638688,1.7,2.7
309W,Trafficked,30,60,1.4440848,AlfaCorn,NT,60,309,71,3,9,W,9,,,,,
309W,Untrafficked,30,60,2.035880808,AlfaCorn,NT,60,309,71,3,9,W,9,0.221024259,1.688142955,0.373120545,1.39,1.7
321E,Trafficked,0,5,0.307572137,CC,NT,60,321,71,3,21,E,6,,,,,
321E,Untrafficked,0,5,0.342190672,CC,NT,60,321,71,3,21,E,6,0.194843618,1.122879333,0.218785872,2.36,3.6
321E,Trafficked,5,15,1.00722788,CC,NT,60,321,71,3,21,E,6,,,,,
321E,Untrafficked,5,15,1.119749853,CC,NT,60,321,71,3,21,E,6,0.22173913,1.489456075,0.330270695,2.28,3.5
321E,Trafficked,15,30,1.836011914,CC,NT,60,321,71,3,21,E,6,,,,,
321E,Untrafficked,15,30,1.641568092,CC,NT,60,321,71,3,21,E,6,0.248501798,1.451585839,0.360721691,2.01,
321E,Trafficked,30,60,1.848293498,CC,NT,60,321,71,3,21,E,6,,,,,
321E,Untrafficked,30,60,1.920858084,CC,NT,60,321,71,3,21,E,6,0.226456417,1.682501233,0.381013201,1.04,
321W,Trafficked,0,5,0.515906074,CC,NT,60,321,71,3,21,W,6,,,,,
321W,Untrafficked,0,5,0.562824962,CC,NT,60,321,71,3,21,W,6,0.190742625,1.45279106,0.27710918,2.13,3.4
321W,Trafficked,5,15,1.139979585,CC,NT,60,321,71,3,21,W,6,,,,,
321W,Untrafficked,5,15,1.165328048,CC,NT,60,321,71,3,21,W,6,0.198152813,1.603078624,0.317654538,1.94,2.6
321W,Trafficked,15,30,1.96911221,CC,NT,60,321,71,3,21,W,6,,,,,
321W,Untrafficked,15,30,1.633290075,CC,NT,60,321,71,3,21,W,6,0.231891104,1.475862166,0.342239306,1.47,
321W,Trafficked,30,60,1.671953155,CC,NT,60,321,71,3,21,W,6,,,,,
321W,Untrafficked,30,60,1.81336657,CC,NT,60,321,71,3,21,W,6,0.217637958,1.680902788,0.36582825,0.97,
322E,Trafficked,0,5,0.18920729,CC,CP,0,322,71,3,22,E,1,,,,,
322E,Untrafficked,0,5,0.014051312,CC,CP,0,322,71,3,22,E,1,0.249072602,1.063283911,0.26483489,2.96,4.6
322E,Trafficked,5,15,0.458753067,CC,CP,0,322,71,3,22,E,1,,,,,
322E,Untrafficked,5,15,0.416710633,CC,CP,0,322,71,3,22,E,1,0.256234719,1.403798993,0.35970204,2.76,3.6
322E,Trafficked,15,30,1.678283572,CC,CP,0,322,71,3,22,E,1,,,,,
322E,Untrafficked,15,30,1.377716324,CC,CP,0,322,71,3,22,E,1,0.277005827,1.441700262,0.399359373,2.56,
322E,Trafficked,30,60,1.776125799,CC,CP,0,322,71,3,22,E,1,,,,,
322E,Untrafficked,30,60,1.412889571,CC,CP,0,322,71,3,22,E,1,0.291522491,1.672675304,0.487622472,1.67,
322W,Trafficked,0,5,0.131238847,CC,CP,0,322,71,3,22,W,1,,,,,
322W,Untrafficked,0,5,0.463119579,CC,CP,0,322,71,3,22,W,1,0.242424242,1.272160769,0.308402611,2.79,3.5
322W,Trafficked,5,15,0.473940865,CC,CP,0,322,71,3,22,W,1,,,,,
322W,Untrafficked,5,15,0.953101573,CC,CP,0,322,71,3,22,W,1,0.238024508,1.464639491,0.348620094,2.52,3.4
322W,Trafficked,15,30,1.144068359,CC,CP,0,322,71,3,22,W,1,,,,,
322W,Untrafficked,15,30,1.479395861,CC,CP,0,322,71,3,22,W,1,0.272642824,1.480232266,0.403574705,2,
322W,Trafficked,30,60,1.432125086,CC,CP,0,322,71,3,22,W,1,,,,,
322W,Untrafficked,30,60,1.460281117,CC,CP,0,322,71,3,22,W,1,0.262036016,1.678078302,0.439716953,1.02,
401E,Trafficked,0,5,0.482117633,AlfaCorn,NT,60,401,71,4,1,E,9,,,,,
401E,Untrafficked,0,5,0.708994647,AlfaCorn,NT,60,401,71,4,1,E,9,0.214599824,1.187892817,0.254921589,2.73,4.1
401E,Trafficked,5,15,1.773768409,AlfaCorn,NT,60,401,71,4,1,E,9,,,,,
401E,Untrafficked,5,15,1.555482112,AlfaCorn,NT,60,401,71,4,1,E,9,0.218245308,1.409761309,0.307673791,2.46,3.6
401E,Trafficked,15,30,1.833584818,AlfaCorn,NT,60,401,71,4,1,E,9,,,,,
401E,Untrafficked,15,30,1.629320283,AlfaCorn,NT,60,401,71,4,1,E,9,0.223413379,1.491003009,0.33311002,1.88,2.9
401E,Trafficked,30,60,1.423381286,AlfaCorn,NT,60,401,71,4,1,E,9,,,,,
401E,Untrafficked,30,60,2.058902881,AlfaCorn,NT,60,401,71,4,1,E,9,0.271517303,1.497908209,0.406707997,2.2,3.3
401W,Trafficked,0,5,0.424173041,AlfaCorn,NT,60,401,71,4,1,W,9,,,,,
401W,Untrafficked,0,5,0.584341911,AlfaCorn,NT,60,401,71,4,1,W,9,0.168148434,1.421406448,0.239007269,1.81,2.8
401W,Trafficked,5,15,1.473549447,AlfaCorn,NT,60,401,71,4,1,W,9,,,,,
401W,Untrafficked,5,15,1.46702254,AlfaCorn,NT,60,401,71,4,1,W,9,0.179530917,1.587516762,0.28500834,1.57,2.3
401W,Trafficked,15,30,1.837758144,AlfaCorn,NT,60,401,71,4,1,W,9,,,,,
401W,Untrafficked,15,30,1.807351513,AlfaCorn,NT,60,401,71,4,1,W,9,0.188972877,1.554153567,0.293692871,1.22,2.2
401W,Trafficked,30,60,1.493737915,AlfaCorn,NT,60,401,71,4,1,W,9,,,,,
401W,Untrafficked,30,60,1.598000515,AlfaCorn,NT,60,401,71,4,1,W,9,0.183558069,1.748275835,0.320910136,0.43,1.1
402E,Trafficked,0,5,0.337289485,CC,CP,60,402,71,4,2,E,5,,,,,
402E,Untrafficked,0,5,0.265553786,CC,CP,60,402,71,4,2,E,5,0.261328641,1.19641899,0.312658548,3.11,4.6
402E,Trafficked,5,15,1.09185179,CC,CP,60,402,71,4,2,E,5,,,,,
402E,Untrafficked,5,15,0.883921855,CC,CP,60,402,71,4,2,E,5,0.249722531,1.454047737,0.36310848,2.84,3.9
402E,Trafficked,15,30,1.825800708,CC,CP,60,402,71,4,2,E,5,,,,,
402E,Untrafficked,15,30,1.686538564,CC,CP,60,402,71,4,2,E,5,0.260648691,1.453965698,0.378974256,3.04,
402E,Trafficked,30,60,1.659094653,CC,CP,60,402,71,4,2,E,5,,,,,
402E,Untrafficked,30,60,1.293885041,CC,CP,60,402,71,4,2,E,5,0.291850662,1.638112842,0.478084318,1.87,
402W,Trafficked,0,5,0.363027258,CC,CP,60,402,71,4,2,W,5,,,,,
402W,Untrafficked,0,5,0.22226617,CC,CP,60,402,71,4,2,W,5,0.177203507,1.131456218,0.20049801,1.97,2.9
402W,Trafficked,5,15,1.195845467,CC,CP,60,402,71,4,2,W,5,,,,,
402W,Untrafficked,5,15,0.612028425,CC,CP,60,402,71,4,2,W,5,0.209991533,1.469285226,0.308537457,1.81,2.6
402W,Trafficked,15,30,1.759953731,CC,CP,60,402,71,4,2,W,5,,,,,
402W,Untrafficked,15,30,1.258978376,CC,CP,60,402,71,4,2,W,5,0.232754575,1.481282634,0.344775311,1.86,
402W,Trafficked,30,60,1.741718551,CC,CP,60,402,71,4,2,W,5,,,,,
402W,Untrafficked,30,60,1.317777497,CC,CP,60,402,71,4,2,W,5,0.202521671,1.693368918,0.342943902,1.02,
405E,Trafficked,0,5,0.434650925,CC,CP,35,405,71,4,5,E,3,,,,,
405E,Untrafficked,0,5,0.043692877,CC,CP,35,405,71,4,5,E,3,0.263317453,1.052683394,0.277189911,3.16,4.6
405E,Trafficked,5,15,0.840295894,CC,CP,35,405,71,4,5,E,3,,,,,
405E,Untrafficked,5,15,0.614261476,CC,CP,35,405,71,4,5,E,3,0.284537082,1.369025437,0.389538503,3.14,4
405E,Trafficked,15,30,1.610056609,CC,CP,35,405,71,4,5,E,3,,,,,
405E,Untrafficked,15,30,1.440261337,CC,CP,35,405,71,4,5,E,3,0.296128708,1.367931122,0.405083676,3.07,
405E,Trafficked,30,60,1.102531429,CC,CP,35,405,71,4,5,E,3,,,,,
405E,Untrafficked,30,60,1.336024005,CC,CP,35,405,71,4,5,E,3,0.282205946,1.668037577,0.470730122,2.03,
405W,Trafficked,0,5,0.269959561,CC,CP,35,405,71,4,5,W,3,,,,,
405W,Untrafficked,0,5,0.132974672,CC,CP,35,405,71,4,5,W,3,0.208801956,1.341029747,0.280009634,2.46,3.6
405W,Trafficked,5,15,1.061299219,CC,CP,35,405,71,4,5,W,3,,,,,
405W,Untrafficked,5,15,0.792988476,CC,CP,35,405,71,4,5,W,3,0.218842002,1.584587822,0.346774371,2.24,3.1
405W,Trafficked,15,30,1.623413821,CC,CP,35,405,71,4,5,W,3,,,,,
405W,Untrafficked,15,30,1.097480478,CC,CP,35,405,71,4,5,W,3,0.24178273,1.544498365,0.373433031,2.9,
405W,Trafficked,30,60,1.556448379,CC,CP,35,405,71,4,5,W,3,,,,,
405W,Untrafficked,30,60,1.315364994,CC,CP,35,405,71,4,5,W,3,0.224411952,1.723722168,0.386823856,1.51,
411E,Trafficked,0,5,0.360623204,CC,NT,60,411,71,4,11,E,6,,,,,
411E,Untrafficked,0,5,0.162952949,CC,NT,60,411,71,4,11,E,6,0.205414013,1.438527565,0.295493719,2.43,3.7
411E,Trafficked,5,15,1.049454097,CC,NT,60,411,71,4,11,E,6,,,,,
411E,Untrafficked,5,15,1.186400696,CC,NT,60,411,71,4,11,E,6,0.21748072,1.509663211,0.328322642,2.33,3.2
411E,Trafficked,15,30,1.301315163,CC,NT,60,411,71,4,11,E,6,,,,,
411E,Untrafficked,15,30,1.928700678,CC,NT,60,411,71,4,11,E,6,0.238983929,1.55667042,0.372019214,1.89,
411E,Trafficked,30,60,1.174557486,CC,NT,60,411,71,4,11,E,6,,,,,
411E,Untrafficked,30,60,1.554133396,CC,NT,60,411,71,4,11,E,6,0.25453629,1.724200693,0.438871648,0.87,
411W,Trafficked,0,5,0.389939197,CC,NT,60,411,71,4,11,W,6,,,,,
411W,Untrafficked,0,5,0.235360109,CC,NT,60,411,71,4,11,W,6,0.20012747,1.183790497,0.236908997,2.6,3.6
411W,Trafficked,5,15,0.936043744,CC,NT,60,411,71,4,11,W,6,,,,,
411W,Untrafficked,5,15,1.211352342,CC,NT,60,411,71,4,11,W,6,0.228387097,1.429594465,0.326500929,2.47,3.1
411W,Trafficked,15,30,1.471495396,CC,NT,60,411,71,4,11,W,6,,,,,
411W,Untrafficked,15,30,1.783884733,CC,NT,60,411,71,4,11,W,6,0.245670301,1.471961874,0.361617317,2.26,
411W,Trafficked,30,60,1.711697214,CC,NT,60,411,71,4,11,W,6,,,,,
411W,Untrafficked,30,60,1.583079292,CC,NT,60,411,71,4,11,W,6,0.246430788,1.684416808,0.415092162,1.2,
414E,Trafficked,0,5,0.385761748,CC,NT,35,414,71,4,14,E,4,,,,,
414E,Untrafficked,0,5,0.111061001,CC,NT,35,414,71,4,14,E,4,0.202380952,1.437167917,0.290855412,2.07,2.9
414E,Trafficked,5,15,1.341255285,CC,NT,35,414,71,4,14,E,4,,,,,
414E,Untrafficked,5,15,1.27343898,CC,NT,35,414,71,4,14,E,4,0.199671997,1.495834593,0.29867628,1.71,2.4
414E,Trafficked,15,30,1.72878179,CC,NT,35,414,71,4,14,E,4,,,,,
414E,Untrafficked,15,30,1.599744434,CC,NT,35,414,71,4,14,E,4,0.222073876,1.513827439,0.336181527,1.85,
414E,Trafficked,30,60,1.613576359,CC,NT,35,414,71,4,14,E,4,,,,,
414E,Untrafficked,30,60,1.628910869,CC,NT,35,414,71,4,14,E,4,0.208582834,1.723903699,0.35957672,1.24,
414W,Trafficked,0,5,0.205585976,CC,NT,35,414,71,4,14,W,4,,,,,
414W,Untrafficked,0,5,0.112276033,CC,NT,35,414,71,4,14,W,4,0.182044888,1.235900509,0.224989369,2.46,3.4
414W,Trafficked,5,15,0.793520717,CC,NT,35,414,71,4,14,W,4,,,,,
414W,Untrafficked,5,15,1.180298115,CC,NT,35,414,71,4,14,W,4,0.186878728,1.562957715,0.292083549,2.01,2.9
414W,Trafficked,15,30,1.564289998,CC,NT,35,414,71,4,14,W,4,,,,,
414W,Untrafficked,15,30,1.217378125,CC,NT,35,414,71,4,14,W,4,0.215086207,1.513735175,0.325583557,1.85,
414W,Trafficked,30,60,1.405121435,CC,NT,35,414,71,4,14,W,4,,,,,
414W,Untrafficked,30,60,0.83754246,CC,NT,35,414,71,4,14,W,4,0.21389325,1.731790444,0.370418286,1.12,
420E,Trafficked,0,5,0.121882905,CC,CP,0,420,71,4,20,E,1,,,,,
420E,Untrafficked,0,5,0.000870802,CC,CP,0,420,71,4,20,E,1,0.170670038,1.257145457,0.214557063,1.79,2.8
420E,Trafficked,5,15,0.232372289,CC,CP,0,420,71,4,20,E,1,,,,,
420E,Untrafficked,5,15,0.056609613,CC,CP,0,420,71,4,20,E,1,0.205093834,1.451200325,0.297632238,1.7,2.8
420E,Trafficked,15,30,1.222772888,CC,CP,0,420,71,4,20,E,1,,,,,
420E,Untrafficked,15,30,1.140791901,CC,CP,0,420,71,4,20,E,1,0.203125,1.647199738,0.334587447,0.76,
420E,Trafficked,30,60,1.011648483,CC,CP,0,420,71,4,20,E,1,,,,,
420E,Untrafficked,30,60,1.308412956,CC,CP,0,420,71,4,20,E,1,0.222056075,1.78922537,0.397308363,1.43,
420W,Trafficked,0,5,-0.006819817,CC,CP,0,420,71,4,20,W,1,,,,,
420W,Untrafficked,0,5,-0.163034876,CC,CP,0,420,71,4,20,W,1,0.238607271,1.300919543,0.310408862,2.82,4.7
420W,Trafficked,5,15,0.130612947,CC,CP,0,420,71,4,20,W,1,,,,,
420W,Untrafficked,5,15,0.100947107,CC,CP,0,420,71,4,20,W,1,0.232751784,1.487503018,0.346218982,2.35,3.8
420W,Trafficked,15,30,1.13342798,CC,CP,0,420,71,4,20,W,1,,,,,
420W,Untrafficked,15,30,0.882493736,CC,CP,0,420,71,4,20,W,1,0.219548315,1.627337046,0.357279107,1.68,
420W,Trafficked,30,60,1.308594776,CC,CP,0,420,71,4,20,W,1,,,,,
420W,Untrafficked,30,60,0.970430177,CC,CP,0,420,71,4,20,W,1,0.179515829,1.812180872,0.325315151,0.66,
